AssetClass,Code,Name,ISIN,Sector,Region,SpotPrice,Currency,ImpliedVol3m,DividendYield,RepoRate,VolatilityScore,Reasoning,Description,Tags
EQUITY,SX5E Index,EURO STOXX 50,EU0009658145,Indice actions,Europe (zone euro),6400,EUR,0.15,0.031,0.0,LOW,"Indice EURO STOXX 50 (Europe (zone euro)) - sous-jacent de produits structures. Niveau/vol indicatifs ~sept. 2026, a rafraichir via le service de donnees de marche.","Indice phare de la zone euro : 50 plus grandes capitalisations de 8 pays. Sous-jacent de reference dominant des autocalls et Athena distribues en Europe. Dividendes eleves (~3%), volatilite moderee.",indice;europe;zone euro;blue chip;autocall
EQUITY,CAC Index,CAC 40,FR0003500008,Indice actions,France,8300,EUR,0.16,0.03,0.0,LOW,"Indice CAC 40 (France) - sous-jacent de produits structures. Niveau/vol indicatifs ~sept. 2026, a rafraichir via le service de donnees de marche.","Indice de reference de la Bourse de Paris : 40 plus grandes valeurs francaises (luxe, banques, energie, industrie). Tres utilise en produits structures pour la clientele francaise.",indice;france;paris;blue chip
EQUITY,SX5T Index,EURO STOXX 50 Net Return,EU0009658160,Indice actions,Europe (zone euro),13800,EUR,0.15,0.0,0.0,LOW,"Indice EURO STOXX 50 Net Return (Europe (zone euro)) - sous-jacent de produits structures. Niveau/vol indicatifs ~sept. 2026, a rafraichir via le service de donnees de marche.",Version total return net de l'EURO STOXX 50 (dividendes nets reinvestis). Base des swaps sur indice et de certaines notes.,indice;total return;europe
EQUITY,SX5ED Index,EURO STOXX 50 Decrement 50 Points,DE000SLA9GX0,Indice actions,Europe (zone euro),5900,EUR,0.15,0.0,0.0,LOW,"Indice EURO STOXX 50 Decrement 50 Points (Europe (zone euro)) - sous-jacent de produits structures. Niveau/vol indicatifs ~sept. 2026, a rafraichir via le service de donnees de marche.","Indice decrement : EURO STOXX 50 total return duquel est retranche un dividende synthetique forfaitaire de 50 points d'indice par an. Support quasi systematique des Athena et Phoenix francais (barrieres plus basses, coupons plus eleves).",indice;decrement;autocall;athena;phoenix;france
EQUITY,CACD Index,CAC 40 Decrement 5%,FR0013410476,Indice actions,France,7100,EUR,0.16,0.0,0.0,LOW,"Indice CAC 40 Decrement 5% (France) - sous-jacent de produits structures. Niveau/vol indicatifs ~sept. 2026, a rafraichir via le service de donnees de marche.",Indice decrement : CAC 40 total return moins un dividende synthetique forfaitaire de 5% par an. Frequent en autocalls retail francais.,indice;decrement;cac;autocall;france
EQUITY,DAX Index,DAX 40,DE0008469008,Indice actions,Allemagne,26000,EUR,0.16,0.026,0.0,LOW,"Indice DAX 40 (Allemagne) - sous-jacent de produits structures. Niveau/vol indicatifs ~sept. 2026, a rafraichir via le service de donnees de marche.","Indice de reference allemand : 40 plus grandes valeurs (industrie, chimie, auto, tech, assurance). Indice total return par construction (dividendes reinvestis).",indice;allemagne;total return;blue chip
EQUITY,UKX Index,FTSE 100,GB0001383545,Indice actions,Royaume-Uni,10420,GBP,0.14,0.037,0.0,LOW,"Indice FTSE 100 (Royaume-Uni) - sous-jacent de produits structures. Niveau/vol indicatifs ~sept. 2026, a rafraichir via le service de donnees de marche.","Indice des 100 premieres capitalisations de Londres. Forte pondaration energie, matieres premieres, banques, pharma. Rendement du dividende eleve (~3.7%).",indice;royaume-uni;londres;dividende eleve
EQUITY,SMI Index,Swiss Market Index,CH0009980894,Indice actions,Suisse,12800,CHF,0.13,0.029,0.0,LOW,"Indice Swiss Market Index (Suisse) - sous-jacent de produits structures. Niveau/vol indicatifs ~sept. 2026, a rafraichir via le service de donnees de marche.","Indice des 20 blue chips suisses, tres concentre (Nestle, Novartis, Roche). Profil defensif, faible volatilite, devise refuge. Populaire en Barrier Reverse Convertible.",indice;suisse;defensif;brc
EQUITY,IBEX Index,IBEX 35,ES0SI0000005,Indice actions,Espagne,15600,EUR,0.17,0.038,0.0,LOW,"Indice IBEX 35 (Espagne) - sous-jacent de produits structures. Niveau/vol indicatifs ~sept. 2026, a rafraichir via le service de donnees de marche.","Indice des 35 principales valeurs espagnoles (banques, utilities, telecoms). Rendement du dividende parmi les plus eleves d'Europe.",indice;espagne;madrid;dividende eleve
EQUITY,FTSEMIB Index,FTSE MIB,IT0003465736,Indice actions,Italie,44000,EUR,0.18,0.045,0.0,MEDIUM,"Indice FTSE MIB (Italie) - sous-jacent de produits structures. Niveau/vol indicatifs ~sept. 2026, a rafraichir via le service de donnees de marche.","Indice des 40 principales valeurs italiennes, forte pondaration bancaire et energie. Volatilite et rendement superieurs a la moyenne europeenne.",indice;italie;milan;banques
EQUITY,AEX Index,AEX,NL0000000107,Indice actions,Pays-Bas,1000,EUR,0.16,0.024,0.0,LOW,"Indice AEX (Pays-Bas) - sous-jacent de produits structures. Niveau/vol indicatifs ~sept. 2026, a rafraichir via le service de donnees de marche.","Indice des 25 principales valeurs neerlandaises, dominae par ASML, Shell, Prosus, ING.",indice;pays-bas;amsterdam;tech
EQUITY,OMX Index,OMX Stockholm 30,SE0000337842,Indice actions,Suede,2900,SEK,0.17,0.03,0.0,LOW,"Indice OMX Stockholm 30 (Suede) - sous-jacent de produits structures. Niveau/vol indicatifs ~sept. 2026, a rafraichir via le service de donnees de marche.","Indice des 30 valeurs suedoises les plus echangees (industrie, banques, telecoms).",indice;suede;stockholm
EQUITY,SXXP Index,STOXX Europe 600,EU0009658202,Indice actions,Europe,580,EUR,0.14,0.032,0.0,LOW,"Indice STOXX Europe 600 (Europe) - sous-jacent de produits structures. Niveau/vol indicatifs ~sept. 2026, a rafraichir via le service de donnees de marche.","Indice large de 600 valeurs europeennes (17 pays, toutes tailles de capitalisation). Reference de la performance actions Europe.",indice;europe;large;benchmark
EQUITY,SX7E Index,EURO STOXX Banks,EU0009658426,Indice actions,Europe (zone euro),210,EUR,0.22,0.058,0.0,MEDIUM,"Indice EURO STOXX Banks (Europe (zone euro)) - sous-jacent de produits structures. Niveau/vol indicatifs ~sept. 2026, a rafraichir via le service de donnees de marche.",Indice sectoriel des banques de la zone euro. Tres sensible aux taux et au risque de credit ; volatilite et dividende eleves.,indice;secteur;banques;taux
EQUITY,SX8P Index,STOXX Europe 600 Technology,EU0009658855,Indice actions,Europe,1050,EUR,0.24,0.01,0.0,MEDIUM,"Indice STOXX Europe 600 Technology (Europe) - sous-jacent de produits structures. Niveau/vol indicatifs ~sept. 2026, a rafraichir via le service de donnees de marche.","Indice sectoriel technologie europeenne (ASML, SAP, Infineon, ...). Volatilite elevee, faible dividende.",indice;secteur;technologie
EQUITY,SPX Index,S&P 500,US78378X1072,Indice actions,Etats-Unis,7630,USD,0.14,0.013,0.0,LOW,"Indice S&P 500 (Etats-Unis) - sous-jacent de produits structures. Niveau/vol indicatifs ~sept. 2026, a rafraichir via le service de donnees de marche.","Indice de reference du marche actions americain : 500 grandes capitalisations, forte pondaration technologie (Nvidia, Apple, Microsoft). Faible dividende, volatilite implicite basse (VIX ~16).",indice;etats-unis;benchmark;technologie
EQUITY,NDX Index,Nasdaq 100,US6311011026,Indice actions,Etats-Unis,24700,USD,0.18,0.007,0.0,MEDIUM,"Indice Nasdaq 100 (Etats-Unis) - sous-jacent de produits structures. Niveau/vol indicatifs ~sept. 2026, a rafraichir via le service de donnees de marche.","Indice des 100 plus grandes valeurs non financieres du Nasdaq. Tres concentre sur la megacap technologie ; beta eleve, dividende quasi nul.",indice;etats-unis;technologie;croissance
EQUITY,INDU Index,Dow Jones Industrial Average,US2605661048,Indice actions,Etats-Unis,52400,USD,0.13,0.017,0.0,LOW,"Indice Dow Jones Industrial Average (Etats-Unis) - sous-jacent de produits structures. Niveau/vol indicatifs ~sept. 2026, a rafraichir via le service de donnees de marche.",Indice price-weighted de 30 grandes valeurs industrielles et de services americaines. Profil plus defensif que le S&P 500.,indice;etats-unis;blue chip;defensif
EQUITY,RTY Index,Russell 2000,US7838221094,Indice actions,Etats-Unis,2920,USD,0.22,0.014,0.0,MEDIUM,"Indice Russell 2000 (Etats-Unis) - sous-jacent de produits structures. Niveau/vol indicatifs ~sept. 2026, a rafraichir via le service de donnees de marche.","Indice des petites capitalisations americaines (small caps). Beta domestique eleve, sensible aux taux et au cycle, volatilite superieure aux large caps.",indice;etats-unis;small cap;cyclique
EQUITY,NKY Index,Nikkei 225,JP9010C00002,Indice actions,Japon,64500,JPY,0.2,0.017,0.0,MEDIUM,"Indice Nikkei 225 (Japon) - sous-jacent de produits structures. Niveau/vol indicatifs ~sept. 2026, a rafraichir via le service de donnees de marche.",Indice price-weighted de 225 valeurs japonaises. Sensible au yen (correlation negative JPY/actions) et au cycle exportateur. Marche haussier soutenu en 2025-2026.,indice;japon;tokyo;yen;exportateur
EQUITY,TPX Index,TOPIX,JP9999K90005,Indice actions,Japon,3720,JPY,0.18,0.021,0.0,MEDIUM,"Indice TOPIX (Japon) - sous-jacent de produits structures. Niveau/vol indicatifs ~sept. 2026, a rafraichir via le service de donnees de marche.",Indice large ponadere par la capitalisation de toutes les valeurs de la section Prime de la Bourse de Tokyo (~1700 titres). Plus representatif que le Nikkei.,indice;japon;large;benchmark
EQUITY,HSI Index,Hang Seng Index,HK0000004322,Indice actions,Hong Kong,26000,HKD,0.24,0.036,0.0,MEDIUM,"Indice Hang Seng Index (Hong Kong) - sous-jacent de produits structures. Niveau/vol indicatifs ~sept. 2026, a rafraichir via le service de donnees de marche.","Indice de reference de Hong Kong : grandes valeurs chinoises et hongkongaises (tech, banques, immobilier). Volatilite elevee, sensible au risque reglementaire chinois.",indice;hong kong;chine;tech chinoise
EQUITY,HSCEI Index,Hang Seng China Enterprises,HK0000015542,Indice actions,Hong Kong / Chine,9300,HKD,0.26,0.038,0.0,MEDIUM,"Indice Hang Seng China Enterprises (Hong Kong / Chine) - sous-jacent de produits structures. Niveau/vol indicatifs ~sept. 2026, a rafraichir via le service de donnees de marche.","Indice des principales entreprises chinoises cotees a Hong Kong (H-shares). Proxy actions Chine offshore, tres volatil.",indice;chine;h-shares;volatil
EQUITY,KOSPI2 Index,KOSPI 200,KR7069500007,Indice actions,Coree du Sud,860,KRW,0.2,0.019,0.0,MEDIUM,"Indice KOSPI 200 (Coree du Sud) - sous-jacent de produits structures. Niveau/vol indicatifs ~sept. 2026, a rafraichir via le service de donnees de marche.","Indice des 200 principales valeurs coreennes (Samsung Electronics ~30% du poids, SK Hynix). Tres expose au cycle des semi-conducteurs.",indice;coree;semi-conducteurs;samsung
EQUITY,TWSE Index,TAIEX (Taiwan Weighted),TW0000001007,Indice actions,Taiwan,24500,TWD,0.22,0.028,0.0,MEDIUM,"Indice TAIEX (Taiwan Weighted) (Taiwan) - sous-jacent de produits structures. Niveau/vol indicatifs ~sept. 2026, a rafraichir via le service de donnees de marche.","Indice ponadere de la Bourse de Taiwan, domina par TSMC. Coeur de la chaine de valeur mondiale des semi-conducteurs.",indice;taiwan;tsmc;semi-conducteurs
EQUITY,NIFTY Index,NIFTY 50,,Indice actions,Inde,25200,INR,0.13,0.013,0.0,LOW,"Indice NIFTY 50 (Inde) - sous-jacent de produits structures. Niveau/vol indicatifs ~sept. 2026, a rafraichir via le service de donnees de marche.","Indice des 50 principales valeurs indiennes. Croissance structurelle forte, volatilite contenue, marche domestique.",indice;inde;croissance;emergent
EQUITY,SENSEX Index,BSE SENSEX,,Indice actions,Inde,82500,INR,0.13,0.012,0.0,LOW,"Indice BSE SENSEX (Inde) - sous-jacent de produits structures. Niveau/vol indicatifs ~sept. 2026, a rafraichir via le service de donnees de marche.",Indice des 30 valeurs les plus etablies de la Bourse de Bombay.,indice;inde;blue chip
EQUITY,AS51 Index,S&P/ASX 200,AU000000XJO2,Indice actions,Australie,8900,AUD,0.13,0.037,0.0,LOW,"Indice S&P/ASX 200 (Australie) - sous-jacent de produits structures. Niveau/vol indicatifs ~sept. 2026, a rafraichir via le service de donnees de marche.","Indice des 200 principales valeurs australiennes (banques, mineurs). Rendement du dividende eleve (franking credits).",indice;australie;mines;dividende eleve
EQUITY,ASML NA,ASML Holding NV,NL0010273215,Technologie / Semi-conducteurs,Europe (Pays-Bas),1050,EUR,0.34,0.01,0.0,EXCELLENT_FOR_AUTOCALL,"Constituant EURO STOXX 50 / Pays-Bas. Prix indicatif ~sept. 2026, a rafraichir.","Fournisseur quasi-monopolistique des machines de lithographie EUV pour la fabrication de puces. Premiere capitalisation technologique europeenne, +50% en 2026. Forte volatilite, faible dividende.",action;europe;pays-bas;euro stoxx 50;technologie
EQUITY,MC FP,LVMH Moet Hennessy Louis Vuitton SE,FR0000121014,Consommation discretionnaire / Luxe,Europe (France),470,EUR,0.3,0.028,0.0,EXCELLENT_FOR_AUTOCALL,"Constituant EURO STOXX 50 / France. Prix indicatif ~sept. 2026, a rafraichir.","Leader mondial du luxe (mode, maroquinerie, vins & spiritueux, cosmetiques). Annee 2026 difficile (-30%) sur ralentissement de la demande chinoise. Volatilite elevee, sous-jacent d'autocall tres frequent.",action;europe;france;euro stoxx 50;consommation discretionnaire
EQUITY,RMS FP,Hermes International,FR0000052292,Consommation discretionnaire / Luxe,Europe (France),2050,EUR,0.24,0.007,0.0,MEDIUM,"Constituant EURO STOXX 50 / France. Prix indicatif ~sept. 2026, a rafraichir.","Maison de luxe francaise ultra-premium (Birkin, Kelly). Pricing power exceptionnel, marges records, faible volatilite pour le secteur. Titre defensif du luxe.",action;europe;france;euro stoxx 50;consommation discretionnaire
EQUITY,OR FP,L'Oreal SA,FR0000120321,Consommation de base / Cosmetiques,Europe (France),350,EUR,0.22,0.023,0.0,MEDIUM,"Constituant EURO STOXX 50 / France. Prix indicatif ~sept. 2026, a rafraichir.","Numero un mondial des cosmetiques. Croissance reguliere, profil qualite/defensif, volatilite moderee.",action;europe;france;euro stoxx 50;consommation de base
EQUITY,SAP GR,SAP SE,DE0007164600,Technologie / Logiciels,Europe (Allemagne),250,EUR,0.26,0.011,0.0,MEDIUM,"Constituant EURO STOXX 50 / Allemagne. Prix indicatif ~sept. 2026, a rafraichir.","Editeur de logiciels de gestion d'entreprise (ERP, cloud). Premiere capitalisation logicielle europeenne. Transition cloud, croissance des revenus recurrents.",action;europe;allemagne;euro stoxx 50;technologie
EQUITY,SIE GR,Siemens AG,DE0007236101,Industrie / Biens d'equipement,Europe (Allemagne),235,EUR,0.25,0.028,0.0,MEDIUM,"Constituant EURO STOXX 50 / Allemagne. Prix indicatif ~sept. 2026, a rafraichir.","Conglomerat industriel allemand (automatisation, mobilite, sante via Siemens Healthineers). Cyclique industriel diversifie.",action;europe;allemagne;euro stoxx 50;industrie
EQUITY,TTE FP,TotalEnergies SE,FR0000120271,Energie,Europe (France),62,EUR,0.24,0.052,0.0,MEDIUM,"Constituant EURO STOXX 50 / France. Prix indicatif ~sept. 2026, a rafraichir.","Major petro-gaziere francaise en transition vers l'electricite et les renouvelables. Rendement du dividende tres eleve (~5%), rachats d'actions. Tres utilise en Reverse Convertible et Phoenix.",action;europe;france;euro stoxx 50;energie
EQUITY,SU FP,Schneider Electric SE,FR0000121972,Industrie / Gestion de l'energie,Europe (France),240,EUR,0.26,0.017,0.0,MEDIUM,"Constituant EURO STOXX 50 / France. Prix indicatif ~sept. 2026, a rafraichir.",Leader mondial de la gestion de l'energie et de l'automatisation. Beneficiaire de l'electrification et des datacenters.,action;europe;france;euro stoxx 50;industrie
EQUITY,AIR FP,Airbus SE,NL0000235190,Industrie / Aerospatiale,Europe (France / Pays-Bas),200,EUR,0.28,0.014,0.0,EXCELLENT_FOR_AUTOCALL,"Constituant EURO STOXX 50 / France / Pays-Bas. Prix indicatif ~sept. 2026, a rafraichir.",Avionneur (duopole avec Boeing). Carnet de commandes pluri-decennal ; sensible aux cadences de production et a la chaine d'approvisionnement.,action;europe;france / pays-bas;euro stoxx 50;industrie
EQUITY,ALV GR,Allianz SE,DE0008404005,Finance / Assurance,Europe (Allemagne),370,EUR,0.2,0.045,0.0,MEDIUM,"Constituant EURO STOXX 50 / Allemagne. Prix indicatif ~sept. 2026, a rafraichir.","Premier assureur europeen (dommages, vie, gestion d'actifs via PIMCO). Rendement du dividende eleve, profil defensif financier.",action;europe;allemagne;euro stoxx 50;finance
EQUITY,DTE GR,Deutsche Telekom AG,DE0005557508,Telecoms,Europe (Allemagne),33,EUR,0.19,0.032,0.0,MEDIUM,"Constituant EURO STOXX 50 / Allemagne. Prix indicatif ~sept. 2026, a rafraichir.","Operateur telecom allemand, actionnaire majoritaire de T-Mobile US (moteur de croissance). Defensif, dividende regulier.",action;europe;allemagne;euro stoxx 50;telecoms
EQUITY,BNP FP,BNP Paribas SA,FR0000131104,Finance / Banque,Europe (France),78,EUR,0.28,0.062,0.0,EXCELLENT_FOR_AUTOCALL,"Constituant EURO STOXX 50 / France. Prix indicatif ~sept. 2026, a rafraichir.","Premiere banque de la zone euro par les actifs. Banque universelle diversifiee. Rendement eleve, sensible aux taux et au credit.",action;europe;france;euro stoxx 50;finance
EQUITY,SAN FP,Sanofi SA,FR0000120578,Sante / Pharmacie,Europe (France),95,EUR,0.2,0.041,0.0,MEDIUM,"Constituant EURO STOXX 50 / France. Prix indicatif ~sept. 2026, a rafraichir.","Laboratoire pharmaceutique francais (Dupixent, vaccins). Profil defensif, dividende regulier, pipeline immunologie.",action;europe;france;euro stoxx 50;sante
EQUITY,IBE SM,Iberdrola SA,ES0144580Y14,Utilities / Electricite,Europe (Espagne),16,EUR,0.18,0.04,0.0,MEDIUM,"Constituant EURO STOXX 50 / Espagne. Prix indicatif ~sept. 2026, a rafraichir.","Utility electrique espagnole, leader mondial de l'eolien. Actifs regules, dividende eleve, defensif sensible aux taux.",action;europe;espagne;euro stoxx 50;utilities
EQUITY,ENEL IM,Enel SpA,IT0003128367,Utilities / Electricite,Europe (Italie),8,EUR,0.19,0.058,0.0,MEDIUM,"Constituant EURO STOXX 50 / Italie. Prix indicatif ~sept. 2026, a rafraichir.","Premiere utility electrique europeenne par la clientele. Fort endettement, dividende tres eleve, sensible aux taux.",action;europe;italie;euro stoxx 50;utilities
EQUITY,ITX SM,Industria de Diseno Textil (Inditex),ES0148396007,Consommation discretionnaire / Distribution,Europe (Espagne),50,EUR,0.24,0.036,0.0,MEDIUM,"Constituant EURO STOXX 50 / Espagne. Prix indicatif ~sept. 2026, a rafraichir.","Maison mere de Zara. Modele de fast-fashion integre, tresorerie nette, croissance reguliere.",action;europe;espagne;euro stoxx 50;consommation discretionnaire
EQUITY,BAS GR,BASF SE,DE000BASF111,Materiaux / Chimie,Europe (Allemagne),48,EUR,0.26,0.07,0.0,MEDIUM,"Constituant EURO STOXX 50 / Allemagne. Prix indicatif ~sept. 2026, a rafraichir.","Premier chimiste mondial. Tres cyclique et energo-intensif (couts du gaz europeen), dividende eleve mais sous surveillance.",action;europe;allemagne;euro stoxx 50;materiaux
EQUITY,BAYN GR,Bayer AG,DE000BAY0017,Sante / Pharmacie & Agrochimie,Europe (Allemagne),28,EUR,0.3,0.014,0.0,EXCELLENT_FOR_AUTOCALL,"Constituant EURO STOXX 50 / Allemagne. Prix indicatif ~sept. 2026, a rafraichir.","Groupe pharma et agrochimie allemand. Litiges Roundup, endettement eleve, dividende reduit ; volatilite elevee.",action;europe;allemagne;euro stoxx 50;sante
EQUITY,MUV2 GR,Muenchener Rueckversicherung (Munich Re),DE0008430026,Finance / Reassurance,Europe (Allemagne),520,EUR,0.19,0.033,0.0,MEDIUM,"Constituant EURO STOXX 50 / Allemagne. Prix indicatif ~sept. 2026, a rafraichir.","Premier reassureur mondial. Tarification en hausse, profil defensif financier, dividende regulier.",action;europe;allemagne;euro stoxx 50;finance
EQUITY,SAF FP,Safran SA,FR0000073272,Industrie / Aerospatiale,Europe (France),250,EUR,0.26,0.011,0.0,MEDIUM,"Constituant EURO STOXX 50 / France. Prix indicatif ~sept. 2026, a rafraichir.",Motoriste aeronautique (co-entreprise CFM avec GE) et equipementier. Forte visibilite via l'apres-vente (services moteurs).,action;europe;france;euro stoxx 50;industrie
EQUITY,EL FP,EssilorLuxottica SA,FR0000121667,Sante / Optique,Europe (France),250,EUR,0.22,0.017,0.0,MEDIUM,"Constituant EURO STOXX 50 / France. Prix indicatif ~sept. 2026, a rafraichir.","Leader mondial de l'optique (verres Essilor, montures Ray-Ban/Oakley). Quasi-monopole, marges elevees, lunettes connectees.",action;europe;france;euro stoxx 50;sante
EQUITY,BBVA SM,Banco Bilbao Vizcaya Argentaria,ES0113211835,Finance / Banque,Europe (Espagne),13,EUR,0.28,0.058,0.0,EXCELLENT_FOR_AUTOCALL,"Constituant EURO STOXX 50 / Espagne. Prix indicatif ~sept. 2026, a rafraichir.","Banque espagnole a forte exposition Mexique et Turquie. Rentabilite elevee, sensible aux devises emergentes.",action;europe;espagne;euro stoxx 50;finance
EQUITY,SAN SM,Banco Santander SA,ES0113900J37,Finance / Banque,Europe (Espagne),6.5,EUR,0.28,0.045,0.0,EXCELLENT_FOR_AUTOCALL,"Constituant EURO STOXX 50 / Espagne. Prix indicatif ~sept. 2026, a rafraichir.","Premiere banque de la zone euro par la capitalisation, tres diversifiee geographiquement (Bresil, Espagne, Royaume-Uni, USA).",action;europe;espagne;euro stoxx 50;finance
EQUITY,INGA NA,ING Groep NV,NL0011821202,Finance / Banque,Europe (Pays-Bas),20,EUR,0.27,0.07,0.0,MEDIUM,"Constituant EURO STOXX 50 / Pays-Bas. Prix indicatif ~sept. 2026, a rafraichir.","Banque de detail neerlandaise, pionniere de la banque en ligne. Rendement du capital eleve (dividende + rachats).",action;europe;pays-bas;euro stoxx 50;finance
EQUITY,ISP IM,Intesa Sanpaolo SpA,IT0000072618,Finance / Banque,Europe (Italie),5.5,EUR,0.26,0.085,0.0,MEDIUM,"Constituant EURO STOXX 50 / Italie. Prix indicatif ~sept. 2026, a rafraichir.",Premiere banque de detail italienne. Rendement du dividende parmi les plus eleves du STOXX 50.,action;europe;italie;euro stoxx 50;finance
EQUITY,UCG IM,UniCredit SpA,IT0005239360,Finance / Banque,Europe (Italie),65,EUR,0.3,0.055,0.0,EXCELLENT_FOR_AUTOCALL,"Constituant EURO STOXX 50 / Italie. Prix indicatif ~sept. 2026, a rafraichir.","Banque paneuropeenne (Italie, Allemagne, Europe centrale). Forte remontee de capital, M&A (Commerzbank, BPM).",action;europe;italie;euro stoxx 50;finance
EQUITY,STLAM IM,Stellantis NV,NL00150001Q9,Consommation discretionnaire / Automobile,Europe (Multi (FR/IT/US)),9,EUR,0.34,0.09,0.0,EXCELLENT_FOR_AUTOCALL,"Constituant EURO STOXX 50 / Multi (FR/IT/US). Prix indicatif ~sept. 2026, a rafraichir.","Constructeur automobile ne de la fusion PSA-FCA (14 marques). Marges sous forte pression en 2025-2026, dividende tres eleve, volatilite elevee.",action;europe;multi (fr/it/us);euro stoxx 50;consommation discretionnaire
EQUITY,DB1 GR,Deutsche Boerse AG,DE0005810055,Finance / Infrastructure de marche,Europe (Allemagne),240,EUR,0.19,0.02,0.0,MEDIUM,"Constituant EURO STOXX 50 / Allemagne. Prix indicatif ~sept. 2026, a rafraichir.","Operateur boursier et de chambre de compensation (Eurex, Clearstream). Beneficiaire de la volatilite et des taux, profil qualite.",action;europe;allemagne;euro stoxx 50;finance
EQUITY,ADYEN NA,Adyen NV,NL0012969182,Technologie / Paiements,Europe (Pays-Bas),1600,EUR,0.38,0.0,0.0,EXCELLENT_FOR_AUTOCALL,"Constituant EURO STOXX 50 / Pays-Bas. Prix indicatif ~sept. 2026, a rafraichir.","Plateforme de paiement pour grands comptes (croissance forte). Valorisation elevee, pas de dividende, tres volatile.",action;europe;pays-bas;euro stoxx 50;technologie
EQUITY,PRX NA,Prosus NV,NL0013654783,Technologie / Holding internet,Europe (Pays-Bas),55,EUR,0.3,0.004,0.0,EXCELLENT_FOR_AUTOCALL,"Constituant EURO STOXX 50 / Pays-Bas. Prix indicatif ~sept. 2026, a rafraichir.","Holding technologique (participation majeure dans Tencent, actifs e-commerce). Decote de holding, proxy tech chinoise.",action;europe;pays-bas;euro stoxx 50;technologie
EQUITY,WKL NA,Wolters Kluwer NV,NL0000395903,Technologie / Information professionnelle,Europe (Pays-Bas),160,EUR,0.2,0.017,0.0,MEDIUM,"Constituant EURO STOXX 50 / Pays-Bas. Prix indicatif ~sept. 2026, a rafraichir.","Editeur d'information et de logiciels pour les professionnels (sante, droit, fiscalite). Revenus recurrents, defensif de croissance.",action;europe;pays-bas;euro stoxx 50;technologie
EQUITY,PHIA NA,Koninklijke Philips NV,NL0000009538,Sante / Technologie medicale,Europe (Pays-Bas),28,EUR,0.3,0.03,0.0,EXCELLENT_FOR_AUTOCALL,"Constituant EURO STOXX 50 / Pays-Bas. Prix indicatif ~sept. 2026, a rafraichir.","Groupe de technologie medicale (imagerie, soins connectes). Sortie de crise (rappel respirateurs), redressement des marges.",action;europe;pays-bas;euro stoxx 50;sante
EQUITY,AD NA,Koninklijke Ahold Delhaize NV,NL0011794037,Consommation de base / Distribution alimentaire,Europe (Pays-Bas),34,EUR,0.17,0.037,0.0,LOW,"Constituant EURO STOXX 50 / Pays-Bas. Prix indicatif ~sept. 2026, a rafraichir.","Distributeur alimentaire (Albert Heijn, Food Lion, Stop & Shop). Tres defensif, dividende regulier, forte exposition USA.",action;europe;pays-bas;euro stoxx 50;consommation de base
EQUITY,KER FP,Kering SA,FR0000121485,Consommation discretionnaire / Luxe,Europe (France),240,EUR,0.37,0.038,0.0,EXCELLENT_FOR_AUTOCALL,"Constituant EURO STOXX 50 / France. Prix indicatif ~sept. 2026, a rafraichir.","Groupe de luxe (Gucci, Saint Laurent, Bottega Veneta). Redressement de Gucci en cours, forte volatilite implicite, coupon autocall parmi les plus eleves du secteur.",action;europe;france;euro stoxx 50;consommation discretionnaire
EQUITY,DG FP,Vinci SA,FR0000125486,Industrie / Concessions & Construction,Europe (France),120,EUR,0.2,0.037,0.0,MEDIUM,"Constituant EURO STOXX 50 / France. Prix indicatif ~sept. 2026, a rafraichir.","Concessions autoroutieres et aeroportuaires + construction. Cash-flows previsibles indexes a l'inflation, dividende regulier.",action;europe;france;euro stoxx 50;industrie
EQUITY,BN FP,Danone SA,FR0000120644,Consommation de base / Agroalimentaire,Europe (France),70,EUR,0.18,0.033,0.0,MEDIUM,"Constituant EURO STOXX 50 / France. Prix indicatif ~sept. 2026, a rafraichir.","Groupe agroalimentaire (produits laitiers, eaux, nutrition). Defensif, redressement des volumes, dividende regulier.",action;europe;france;euro stoxx 50;consommation de base
EQUITY,RI FP,Pernod Ricard SA,FR0000120693,Consommation de base / Spiritueux,Europe (France),95,EUR,0.24,0.043,0.0,MEDIUM,"Constituant EURO STOXX 50 / France. Prix indicatif ~sept. 2026, a rafraichir.","Numero deux mondial des spiritueux (Absolut, Jameson, Martell). Destockage post-Covid, exposition Chine/USA, volatilite remontee.",action;europe;france;euro stoxx 50;consommation de base
EQUITY,CS FP,AXA SA,FR0000120628,Finance / Assurance,Europe (France),40,EUR,0.2,0.058,0.0,MEDIUM,"Constituant EURO STOXX 50 / France. Prix indicatif ~sept. 2026, a rafraichir.","Assureur multiligne francais (dommages, sante, gestion d'actifs). Rendement du dividende eleve, profil defensif financier.",action;europe;france;euro stoxx 50;finance
EQUITY,ENGI FP,Engie SA,FR0010208488,Utilities / Energie,Europe (France),18,EUR,0.2,0.055,0.0,MEDIUM,"Constituant EURO STOXX 50 / France. Prix indicatif ~sept. 2026, a rafraichir.","Utility francaise (renouvelables, reseaux, infrastructures). Dividende eleve, sensible aux prix de l'energie et aux taux.",action;europe;france;euro stoxx 50;utilities
EQUITY,AI FP,Air Liquide SA,FR0000120073,Materiaux / Gaz industriels,Europe (France),190,EUR,0.18,0.019,0.0,MEDIUM,"Constituant EURO STOXX 50 / France. Prix indicatif ~sept. 2026, a rafraichir.","Numero un mondial des gaz industriels et medicaux. Contrats long terme take-or-pay, croissance reguliere, faible volatilite.",action;europe;france;euro stoxx 50;materiaux
EQUITY,DHL GR,DHL Group (Deutsche Post),DE0005552004,Industrie / Logistique,Europe (Allemagne),42,EUR,0.24,0.045,0.0,MEDIUM,"Constituant EURO STOXX 50 / Allemagne. Prix indicatif ~sept. 2026, a rafraichir.","Leader mondial de la logistique et du courrier express. Cyclique commerce mondial, dividende eleve.",action;europe;allemagne;euro stoxx 50;industrie
EQUITY,IFX GR,Infineon Technologies AG,DE0006231004,Technologie / Semi-conducteurs,Europe (Allemagne),40,EUR,0.36,0.017,0.0,EXCELLENT_FOR_AUTOCALL,"Constituant EURO STOXX 50 / Allemagne. Prix indicatif ~sept. 2026, a rafraichir.","Numero un mondial des semi-conducteurs pour l'automobile et l'energie. Cyclique, beneficiaire electrification, volatilite elevee.",action;europe;allemagne;euro stoxx 50;technologie
EQUITY,VOW3 GR,Volkswagen AG (pref.),DE0007664039,Consommation discretionnaire / Automobile,Europe (Allemagne),95,EUR,0.32,0.09,0.0,EXCELLENT_FOR_AUTOCALL,"Constituant EURO STOXX 50 / Allemagne. Prix indicatif ~sept. 2026, a rafraichir.","Constructeur automobile (VW, Audi, Porsche, Skoda). Transition electrique couteuse, marges Chine sous pression, dividende tres eleve, volatilite elevee.",action;europe;allemagne;euro stoxx 50;consommation discretionnaire
EQUITY,BMW GR,Bayerische Motoren Werke AG,DE0005190003,Consommation discretionnaire / Automobile,Europe (Allemagne),85,EUR,0.28,0.075,0.0,EXCELLENT_FOR_AUTOCALL,"Constituant EURO STOXX 50 / Allemagne. Prix indicatif ~sept. 2026, a rafraichir.","Constructeur automobile premium allemand. Meilleure discipline que ses pairs sur l'electrique, rendement du dividende eleve.",action;europe;allemagne;euro stoxx 50;consommation discretionnaire
EQUITY,NOKIA FH,Nokia Oyj,FI0009000681,Technologie / Equipements telecoms,Europe (Finlande),4.5,EUR,0.28,0.028,0.0,EXCELLENT_FOR_AUTOCALL,"Constituant EURO STOXX 50 / Finlande. Prix indicatif ~sept. 2026, a rafraichir.","Equipementier reseaux (5G, infrastructures optiques). Concurrence Ericsson/Huawei, redressement des marges, exposition datacenters.",action;europe;finlande;euro stoxx 50;technologie
EQUITY,NDA FH,Nordea Bank Abp,FI4000297767,Finance / Banque,Europe (Finlande / Nordics),12.5,EUR,0.22,0.075,0.0,MEDIUM,"Constituant EURO STOXX 50 / Finlande / Nordics. Prix indicatif ~sept. 2026, a rafraichir.","Premiere banque nordique. Rentabilite elevee, rendement du capital tres eleve.",action;europe;finlande / nordics;euro stoxx 50;finance
EQUITY,ACA FP,Credit Agricole SA,FR0000045072,Finance / Banque,Europe (France),16,EUR,0.27,0.07,0.0,MEDIUM,Grande capitalisation europeenne (France). Prix indicatif ~sept. 2026.,"Vehicule cote du groupe Credit Agricole (banque de detail, gestion d'actifs Amundi, assurance). Rendement du dividende eleve. NB : le mot Credit dans le nom ne fait pas de ce titre un sous-jacent credit.",action;europe;france;finance
EQUITY,GLE FP,Societe Generale SA,FR0000130809,Finance / Banque,Europe (France),45,EUR,0.32,0.055,0.0,EXCELLENT_FOR_AUTOCALL,Grande capitalisation europeenne (France). Prix indicatif ~sept. 2026.,"Troisieme banque francaise. Decote de valorisation, plan de restructuration, rendement du capital en hausse, volatilite elevee.",action;europe;france;finance
EQUITY,CAP FP,Capgemini SE,FR0000125338,Technologie / Services informatiques,Europe (France),150,EUR,0.28,0.024,0.0,EXCELLENT_FOR_AUTOCALL,Grande capitalisation europeenne (France). Prix indicatif ~sept. 2026.,"SSII mondiale (conseil, integration, infogerance). Sensible aux budgets IT des entreprises, exposition IA generative.",action;europe;france;technologie
EQUITY,STMPA FP,STMicroelectronics NV,NL0000226223,Technologie / Semi-conducteurs,Europe (France / Italie),28,EUR,0.38,0.015,0.0,EXCELLENT_FOR_AUTOCALL,Grande capitalisation europeenne (France / Italie). Prix indicatif ~sept. 2026.,"Fabricant de semi-conducteurs (automobile, industriel, MEMS). Cyclique, creux de cycle 2025-2026, volatilite elevee.",action;europe;france / italie;technologie
EQUITY,SGO FP,Compagnie de Saint-Gobain,FR0000125007,Materiaux / Construction,Europe (France),95,EUR,0.24,0.026,0.0,MEDIUM,Grande capitalisation europeenne (France). Prix indicatif ~sept. 2026.,"Leader mondial des materiaux de construction et de la renovation energetique. Cyclique batiment, marges ameliorees.",action;europe;france;materiaux
EQUITY,LR FP,Legrand SA,FR0010307819,Industrie / Equipements electriques,Europe (France),115,EUR,0.22,0.017,0.0,MEDIUM,Grande capitalisation europeenne (France). Prix indicatif ~sept. 2026.,"Specialiste des infrastructures electriques et numeriques du batiment. Croissance datacenters, marges elevees.",action;europe;france;industrie
EQUITY,PUB FP,Publicis Groupe SA,FR0000130577,Communication / Publicite,Europe (France),95,EUR,0.24,0.037,0.0,MEDIUM,Grande capitalisation europeenne (France). Prix indicatif ~sept. 2026.,"Premier groupe publicitaire mondial (data, digital via Epsilon/Sapient). Croissance organique superieure aux pairs.",action;europe;france;communication
EQUITY,HO FP,Thales SA,FR0000121329,Industrie / Defense & Aerospatiale,Europe (France),250,EUR,0.28,0.017,0.0,EXCELLENT_FOR_AUTOCALL,Grande capitalisation europeenne (France). Prix indicatif ~sept. 2026.,"Groupe de defense, aeronautique et cybersecurite. Beneficiaire de la hausse des budgets militaires europeens.",action;europe;france;industrie
EQUITY,SW FP,Sodexo SA,FR0000121220,Consommation / Services aux collectivites,Europe (France),70,EUR,0.24,0.035,0.0,MEDIUM,Grande capitalisation europeenne (France). Prix indicatif ~sept. 2026.,"Numero deux mondial de la restauration collective et des services. Defensif de croissance, marges en redressement.",action;europe;france;consommation
EQUITY,ORA FP,Orange SA,FR0000133308,Telecoms,Europe (France),12,EUR,0.17,0.062,0.0,LOW,Grande capitalisation europeenne (France). Prix indicatif ~sept. 2026.,"Operateur telecom francais. Tres defensif, rendement du dividende tres eleve, faible croissance.",action;europe;france;telecoms
EQUITY,VIE FP,Veolia Environnement SA,FR0000124141,Utilities / Environnement,Europe (France),30,EUR,0.2,0.04,0.0,MEDIUM,Grande capitalisation europeenne (France). Prix indicatif ~sept. 2026.,"Leader mondial de l'eau, des dechets et de l'energie. Contrats long terme indexes inflation, defensif.",action;europe;france;utilities
EQUITY,EN FP,Bouygues SA,FR0000120503,Industrie / Conglomerat,Europe (France),35,EUR,0.22,0.055,0.0,MEDIUM,Grande capitalisation europeenne (France). Prix indicatif ~sept. 2026.,"Conglomerat francais (construction Colas, telecoms Bouygues Telecom, medias TF1, Equans). Dividende eleve, decote de holding.",action;europe;france;industrie
EQUITY,MT NA,ArcelorMittal SA,LU1598757687,Materiaux / Acier,Europe (Luxembourg),28,EUR,0.34,0.02,0.0,EXCELLENT_FOR_AUTOCALL,Grande capitalisation europeenne (Luxembourg). Prix indicatif ~sept. 2026.,"Premier siderurgiste mondial hors Chine. Tres cyclique, sensible aux prix de l'acier et aux droits de douane, volatilite elevee.",action;europe;luxembourg;materiaux
EQUITY,ADS GR,adidas AG,DE000A1EWWW0,Consommation discretionnaire / Equipement sportif,Europe (Allemagne),190,EUR,0.3,0.012,0.0,EXCELLENT_FOR_AUTOCALL,Grande capitalisation europeenne (Allemagne). Prix indicatif ~sept. 2026.,"Equipementier sportif allemand. Redressement post-Yeezy, exposition Chine/USA, marges en amelioration.",action;europe;allemagne;consommation discretionnaire
EQUITY,RWE GR,RWE AG,DE0007037129,Utilities / Electricite,Europe (Allemagne),34,EUR,0.26,0.03,0.0,MEDIUM,Grande capitalisation europeenne (Allemagne). Prix indicatif ~sept. 2026.,Producteur d'electricite allemand en bascule vers les renouvelables. Sensible aux prix de gros et a la reglementation.,action;europe;allemagne;utilities
EQUITY,HEN3 GR,Henkel AG & Co. KGaA (pref.),DE0006048432,Consommation de base / Chimie de specialite,Europe (Allemagne),78,EUR,0.2,0.028,0.0,MEDIUM,Grande capitalisation europeenne (Allemagne). Prix indicatif ~sept. 2026.,"Adhesifs (leader mondial) et produits de grande consommation (lessives, cosmetiques). Defensif, marges en hausse.",action;europe;allemagne;consommation de base
EQUITY,MRK GR,Merck KGaA,DE0006599905,"Sante / Pharma, Sciences de la vie & Electronique",Europe (Allemagne),130,EUR,0.24,0.017,0.0,MEDIUM,Grande capitalisation europeenne (Allemagne). Prix indicatif ~sept. 2026.,"Groupe familial allemand : medicaments, outils de laboratoire, materiaux pour semi-conducteurs. Diversifie, defensif de croissance.",action;europe;allemagne;sante
EQUITY,DTG GR,Daimler Truck Holding AG,DE000DTR0CK8,Industrie / Poids lourds,Europe (Allemagne),42,EUR,0.28,0.055,0.0,EXCELLENT_FOR_AUTOCALL,Grande capitalisation europeenne (Allemagne). Prix indicatif ~sept. 2026.,"Premier constructeur mondial de camions. Cyclique fret, marges resilientes, dividende eleve.",action;europe;allemagne;industrie
EQUITY,ZAL GR,Zalando SE,DE000ZAL1111,Consommation discretionnaire / E-commerce,Europe (Allemagne),34,EUR,0.36,0.0,0.0,EXCELLENT_FOR_AUTOCALL,Grande capitalisation europeenne (Allemagne). Prix indicatif ~sept. 2026.,"Plateforme europeenne de mode en ligne. Retour a la croissance rentable, pas de dividende, volatilite elevee.",action;europe;allemagne;consommation discretionnaire
EQUITY,AZN LN,AstraZeneca PLC,GB0009895292,Sante / Pharmacie,Royaume-Uni,120,GBP,0.22,0.021,0.0,MEDIUM,Constituant majeur du FTSE 100. Prix indicatif ~sept. 2026 (cotation Londres).,"Premier laboratoire pharmaceutique britannique (oncologie, maladies rares). Pipeline dense, croissance soutenue.",action;royaume-uni;ftse 100;sante
EQUITY,SHEL LN,Shell PLC,GB00BP6MXD84,Energie,Royaume-Uni,29,GBP,0.24,0.038,0.0,MEDIUM,Constituant majeur du FTSE 100. Prix indicatif ~sept. 2026 (cotation Londres).,"Major petro-gaziere. GNL leader mondial, discipline capital, rachats d'actions massifs, dividende progressif.",action;royaume-uni;ftse 100;energie
EQUITY,HSBA LN,HSBC Holdings PLC,GB0005405286,Finance / Banque,Royaume-Uni,10,GBP,0.22,0.07,0.0,MEDIUM,Constituant majeur du FTSE 100. Prix indicatif ~sept. 2026 (cotation Londres).,"Banque internationale centree sur l'Asie (Hong Kong, Chine). Rendement du capital tres eleve, sensible aux taux et a la Chine.",action;royaume-uni;ftse 100;finance
EQUITY,ULVR LN,Unilever PLC,GB00B10RZP78,Consommation de base,Royaume-Uni,48,GBP,0.17,0.033,0.0,LOW,Constituant majeur du FTSE 100. Prix indicatif ~sept. 2026 (cotation Londres).,"Geant des produits de grande consommation (alimentaire, hygiene, beaute). Tres defensif, plan de simplification du portefeuille.",action;royaume-uni;ftse 100;consommation de base
EQUITY,BP/ LN,BP PLC,GB0007980591,Energie,Royaume-Uni,4.5,GBP,0.28,0.055,0.0,EXCELLENT_FOR_AUTOCALL,Constituant majeur du FTSE 100. Prix indicatif ~sept. 2026 (cotation Londres).,"Major petro-gaziere britannique. Recentrage sur les hydrocarbures, rendement eleve, volatilite superieure a Shell.",action;royaume-uni;ftse 100;energie
EQUITY,RIO LN,Rio Tinto PLC,GB0007188757,Materiaux / Mines,Royaume-Uni,50,GBP,0.26,0.065,0.0,MEDIUM,Constituant majeur du FTSE 100. Prix indicatif ~sept. 2026 (cotation Londres).,"Numero deux minier mondial (fer, cuivre, aluminium, lithium). Tres expose a la demande chinoise, dividende eleve mais variable.",action;royaume-uni;ftse 100;materiaux
EQUITY,GSK LN,GSK PLC,GB00BN7SWP63,Sante / Pharmacie,Royaume-Uni,15,GBP,0.22,0.037,0.0,MEDIUM,Constituant majeur du FTSE 100. Prix indicatif ~sept. 2026 (cotation Londres).,"Laboratoire pharmaceutique et vaccins britannique. Litiges Zantac en voie de reglement, pipeline VIH/respiratoire.",action;royaume-uni;ftse 100;sante
EQUITY,DGE LN,Diageo PLC,GB0002374006,Consommation de base / Spiritueux,Royaume-Uni,20,GBP,0.22,0.038,0.0,MEDIUM,Constituant majeur du FTSE 100. Prix indicatif ~sept. 2026 (cotation Londres).,"Numero un mondial des spiritueux (Johnnie Walker, Guinness, Don Julio). Destockage en cours, marque premium.",action;royaume-uni;ftse 100;consommation de base
EQUITY,BATS LN,British American Tobacco PLC,GB0002875804,Consommation de base / Tabac,Royaume-Uni,35,GBP,0.18,0.075,0.0,MEDIUM,Constituant majeur du FTSE 100. Prix indicatif ~sept. 2026 (cotation Londres).,"Cigarettier mondial en transition vers les produits sans combustion (Vuse, Velo). Rendement du dividende parmi les plus eleves du marche.",action;royaume-uni;ftse 100;consommation de base
EQUITY,REL LN,RELX PLC,GB00B2B0DG97,Technologie / Information professionnelle,Royaume-Uni,38,GBP,0.2,0.017,0.0,MEDIUM,Constituant majeur du FTSE 100. Prix indicatif ~sept. 2026 (cotation Londres).,"Analytique de donnees et outils decisionnels (juridique, scientifique, risque). Revenus recurrents, croissance IA, profil qualite.",action;royaume-uni;ftse 100;technologie
EQUITY,LSEG LN,London Stock Exchange Group PLC,GB00B0SWJX34,Finance / Infrastructure de marche,Royaume-Uni,110,GBP,0.22,0.011,0.0,MEDIUM,Constituant majeur du FTSE 100. Prix indicatif ~sept. 2026 (cotation Londres).,"Groupe de donnees et d'infrastructures de marche (Refinitiv, LCH). Partenariat Microsoft, revenus d'abonnement.",action;royaume-uni;ftse 100;finance
EQUITY,BARC LN,Barclays PLC,GB0031348658,Finance / Banque,Royaume-Uni,3.5,GBP,0.3,0.03,0.0,EXCELLENT_FOR_AUTOCALL,Constituant majeur du FTSE 100. Prix indicatif ~sept. 2026 (cotation Londres).,"Banque universelle britannique avec forte banque d'investissement. Decote de valorisation, rendement du capital en hausse.",action;royaume-uni;ftse 100;finance
EQUITY,NG/ LN,National Grid PLC,GB00BDR05C01,Utilities / Reseaux electriques,Royaume-Uni,10,GBP,0.16,0.05,0.0,LOW,Constituant majeur du FTSE 100. Prix indicatif ~sept. 2026 (cotation Londres).,"Operateur regule des reseaux de transport d'electricite (Royaume-Uni, nord-est des USA). Tres defensif, sensible aux taux.",action;royaume-uni;ftse 100;utilities
EQUITY,VOD LN,Vodafone Group PLC,GB00BH4HKS39,Telecoms,Royaume-Uni,0.85,GBP,0.24,0.07,0.0,MEDIUM,Constituant majeur du FTSE 100. Prix indicatif ~sept. 2026 (cotation Londres).,"Operateur telecom paneuropeen et africain. Restructuration profonde, dividende reduit puis stabilise.",action;royaume-uni;ftse 100;telecoms
EQUITY,PRU LN,Prudential PLC,GB0007099541,Finance / Assurance-vie,Royaume-Uni,9,GBP,0.28,0.03,0.0,EXCELLENT_FOR_AUTOCALL,Constituant majeur du FTSE 100. Prix indicatif ~sept. 2026 (cotation Londres).,"Assureur-vie et gestionnaire d'actifs centre sur l'Asie et l'Afrique. Proxy classe moyenne asiatique, volatile.",action;royaume-uni;ftse 100;finance
EQUITY,AAPL US,Apple Inc.,US0378331005,Technologie / Materiel,Etats-Unis,255,USD,0.24,0.004,0.0,MEDIUM,Grande capitalisation americaine (S&P 500 / Nasdaq 100). Prix indicatif ~sept. 2026.,"Concepteur d'iPhone, Mac, services. Capitalisation > 3 000 Mds USD. +23% en 2026 malgre des tensions sur l'approvisionnement en memoire. Volatilite implicite moderee, faible dividende.",action;etats-unis;s&p 500;technologie
EQUITY,MSFT US,Microsoft Corp.,US5949181045,Technologie / Logiciels & Cloud,Etats-Unis,520,USD,0.23,0.007,0.0,MEDIUM,Grande capitalisation americaine (S&P 500 / Nasdaq 100). Prix indicatif ~sept. 2026.,"Editeur Windows/Office, cloud Azure, participation OpenAI. Un des quatre au-dessus de 3 000 Mds USD. Croissance cloud et IA.",action;etats-unis;s&p 500;technologie
EQUITY,NVDA US,NVIDIA Corp.,US67066G1040,Technologie / Semi-conducteurs,Etats-Unis,180,USD,0.4,0.001,0.0,HIGH,Grande capitalisation americaine (S&P 500 / Nasdaq 100). Prix indicatif ~sept. 2026.,"Concepteur des GPU qui equipent l'entrainement de l'IA. Premiere capitalisation mondiale. Volatilite implicite tres elevee, marges records, sous-jacent d'autocall prise pour son coupon.",action;etats-unis;s&p 500;technologie
EQUITY,GOOGL US,Alphabet Inc. (classe A),US02079K3059,Communication / Internet,Etats-Unis,210,USD,0.26,0.005,0.0,MEDIUM,Grande capitalisation americaine (S&P 500 / Nasdaq 100). Prix indicatif ~sept. 2026.,"Maison mere de Google (recherche, YouTube, cloud, Waymo). Au-dessus de 3 000 Mds USD, monetisation de l'IA Gemini.",action;etats-unis;s&p 500;communication
EQUITY,AMZN US,Amazon.com Inc.,US0231351067,Consommation discretionnaire / E-commerce & Cloud,Etats-Unis,235,USD,0.28,0.0,0.0,EXCELLENT_FOR_AUTOCALL,Grande capitalisation americaine (S&P 500 / Nasdaq 100). Prix indicatif ~sept. 2026.,"E-commerce, cloud AWS (moteur de marge), publicite. Retardataire en 2026 (+4%), pas de dividende.",action;etats-unis;s&p 500;consommation discretionnaire
EQUITY,META US,Meta Platforms Inc.,US30303M1027,Communication / Reseaux sociaux,Etats-Unis,760,USD,0.3,0.003,0.0,EXCELLENT_FOR_AUTOCALL,Grande capitalisation americaine (S&P 500 / Nasdaq 100). Prix indicatif ~sept. 2026.,"Facebook, Instagram, WhatsApp. Depenses IA et Reality Labs elevees, publicite tres rentable, volatilite implicite elevee.",action;etats-unis;s&p 500;communication
EQUITY,TSLA US,Tesla Inc.,US88160R1014,Consommation discretionnaire / Automobile & Energie,Etats-Unis,340,USD,0.5,0.0,0.0,HIGH,Grande capitalisation americaine (S&P 500 / Nasdaq 100). Prix indicatif ~sept. 2026.,"Constructeur de vehicules electriques, stockage d'energie, robotaxi/robotique. Volatilite implicite parmi les plus elevees du S&P 500, pas de dividende.",action;etats-unis;s&p 500;consommation discretionnaire
EQUITY,AVGO US,Broadcom Inc.,US11135F1012,Technologie / Semi-conducteurs & Logiciels,Etats-Unis,340,USD,0.34,0.011,0.0,EXCELLENT_FOR_AUTOCALL,Grande capitalisation americaine (S&P 500 / Nasdaq 100). Prix indicatif ~sept. 2026.,"Semi-conducteurs (ASIC IA, reseau) et logiciels d'infrastructure (VMware). Croissance IA, dividende en forte hausse.",action;etats-unis;s&p 500;technologie
EQUITY,JPM US,JPMorgan Chase & Co.,US46625H1005,Finance / Banque,Etats-Unis,300,USD,0.22,0.02,0.0,MEDIUM,Grande capitalisation americaine (S&P 500 / Nasdaq 100). Prix indicatif ~sept. 2026.,"Premiere banque americaine par les actifs. Rentabilite de reference du secteur, sensible aux taux et au credit.",action;etats-unis;s&p 500;finance
EQUITY,V US,Visa Inc. (classe A),US92826C8394,Finance / Paiements,Etats-Unis,360,USD,0.2,0.008,0.0,MEDIUM,Grande capitalisation americaine (S&P 500 / Nasdaq 100). Prix indicatif ~sept. 2026.,"Reseau de paiement mondial. Modele a peage sur la consommation, marges tres elevees, croissance reguliere.",action;etats-unis;s&p 500;finance
EQUITY,MA US,Mastercard Inc. (classe A),US57636Q1040,Finance / Paiements,Etats-Unis,580,USD,0.21,0.006,0.0,MEDIUM,Grande capitalisation americaine (S&P 500 / Nasdaq 100). Prix indicatif ~sept. 2026.,"Reseau de paiement mondial (numero deux). Meme modele que Visa, legerement plus volatil et plus international.",action;etats-unis;s&p 500;finance
EQUITY,LLY US,Eli Lilly & Co.,US5324571083,Sante / Pharmacie,Etats-Unis,800,USD,0.3,0.007,0.0,EXCELLENT_FOR_AUTOCALL,Grande capitalisation americaine (S&P 500 / Nasdaq 100). Prix indicatif ~sept. 2026.,"Laboratoire pharmaceutique, leader des traitements de l'obesite et du diabete (GLP-1). Croissance des ventes exceptionnelle, valorisation elevee, volatilite remontee.",action;etats-unis;s&p 500;sante
EQUITY,UNH US,UnitedHealth Group Inc.,US91324P1021,Sante / Assurance & Services,Etats-Unis,330,USD,0.3,0.021,0.0,EXCELLENT_FOR_AUTOCALL,Grande capitalisation americaine (S&P 500 / Nasdaq 100). Prix indicatif ~sept. 2026.,"Premier assureur sante americain (UnitedHealthcare, Optum). Annee 2025-2026 difficile (couts medicaux, enquetes), volatilite elevee.",action;etats-unis;s&p 500;sante
EQUITY,JNJ US,Johnson & Johnson,US4781601046,Sante / Pharma & Dispositifs medicaux,Etats-Unis,180,USD,0.16,0.03,0.0,LOW,Grande capitalisation americaine (S&P 500 / Nasdaq 100). Prix indicatif ~sept. 2026.,"Groupe de sante diversifie (medicaments, dispositifs medicaux). Tres defensif, dividende croissant depuis 60 ans.",action;etats-unis;s&p 500;sante
EQUITY,XOM US,Exxon Mobil Corp.,US30231G1022,Energie,Etats-Unis,115,USD,0.22,0.033,0.0,MEDIUM,Grande capitalisation americaine (S&P 500 / Nasdaq 100). Prix indicatif ~sept. 2026.,"Premiere major petroliere occidentale. Integration amont-aval, discipline capital, dividende de reference du secteur.",action;etats-unis;s&p 500;energie
EQUITY,CVX US,Chevron Corp.,US1667641005,Energie,Etats-Unis,160,USD,0.22,0.043,0.0,MEDIUM,Grande capitalisation americaine (S&P 500 / Nasdaq 100). Prix indicatif ~sept. 2026.,"Major petroliere americaine. Acquisition Hess, bilan solide, rendement du dividende eleve.",action;etats-unis;s&p 500;energie
EQUITY,WMT US,Walmart Inc.,US9311421039,Consommation de base / Distribution,Etats-Unis,100,USD,0.2,0.009,0.0,MEDIUM,Grande capitalisation americaine (S&P 500 / Nasdaq 100). Prix indicatif ~sept. 2026.,"Premier distributeur mondial. Gains de parts (e-commerce, publicite retail media), tres defensif.",action;etats-unis;s&p 500;consommation de base
EQUITY,HD US,Home Depot Inc.,US4370761029,Consommation discretionnaire / Distribution bricolage,Etats-Unis,400,USD,0.24,0.024,0.0,MEDIUM,Grande capitalisation americaine (S&P 500 / Nasdaq 100). Prix indicatif ~sept. 2026.,"Numero un du bricolage aux USA. Sensible au marche immobilier et aux taux hypothecaires, dividende regulier.",action;etats-unis;s&p 500;consommation discretionnaire
EQUITY,PG US,Procter & Gamble Co.,US7427181091,Consommation de base,Etats-Unis,160,USD,0.16,0.026,0.0,LOW,Grande capitalisation americaine (S&P 500 / Nasdaq 100). Prix indicatif ~sept. 2026.,"Geant des produits d'hygiene et d'entretien (Pampers, Gillette, Ariel). Tres defensif, pricing power, dividende aristocrate.",action;etats-unis;s&p 500;consommation de base
EQUITY,KO US,Coca-Cola Co.,US1912161007,Consommation de base / Boissons,Etats-Unis,70,USD,0.16,0.03,0.0,LOW,Grande capitalisation americaine (S&P 500 / Nasdaq 100). Prix indicatif ~sept. 2026.,"Numero un mondial des boissons non alcoolisees. Tres defensif, dividende croissant, faible volatilite.",action;etats-unis;s&p 500;consommation de base
EQUITY,PEP US,PepsiCo Inc.,US7134481081,Consommation de base / Boissons & Snacks,Etats-Unis,150,USD,0.17,0.037,0.0,LOW,Grande capitalisation americaine (S&P 500 / Nasdaq 100). Prix indicatif ~sept. 2026.,"Boissons et snacks (Frito-Lay). Defensif, redressement des volumes, dividende eleve.",action;etats-unis;s&p 500;consommation de base
EQUITY,MCD US,McDonald's Corp.,US5801351017,Consommation discretionnaire / Restauration,Etats-Unis,320,USD,0.18,0.024,0.0,MEDIUM,Grande capitalisation americaine (S&P 500 / Nasdaq 100). Prix indicatif ~sept. 2026.,"Premier reseau mondial de restauration rapide. Modele de franchise/immobilier, defensif de croissance.",action;etats-unis;s&p 500;consommation discretionnaire
EQUITY,DIS US,Walt Disney Co.,US2546871060,Communication / Medias & Loisirs,Etats-Unis,115,USD,0.28,0.009,0.0,EXCELLENT_FOR_AUTOCALL,Grande capitalisation americaine (S&P 500 / Nasdaq 100). Prix indicatif ~sept. 2026.,"Studios, parcs a themes, streaming Disney+. Redressement de la rentabilite du streaming, parcs resilients.",action;etats-unis;s&p 500;communication
EQUITY,NFLX US,Netflix Inc.,US64110L1061,Communication / Streaming,Etats-Unis,1200,USD,0.32,0.0,0.0,EXCELLENT_FOR_AUTOCALL,Grande capitalisation americaine (S&P 500 / Nasdaq 100). Prix indicatif ~sept. 2026.,"Leader mondial du streaming video. Croissance des abonnes et de la publicite, marges en forte hausse, pas de dividende, volatilite elevee.",action;etats-unis;s&p 500;communication
EQUITY,AMD US,Advanced Micro Devices Inc.,US0079031078,Technologie / Semi-conducteurs,Etats-Unis,170,USD,0.42,0.0,0.0,HIGH,Grande capitalisation americaine (S&P 500 / Nasdaq 100). Prix indicatif ~sept. 2026.,"Concepteur de processeurs (CPU, GPU IA MI300). Challenger de Nvidia et Intel, volatilite implicite tres elevee.",action;etats-unis;s&p 500;technologie
EQUITY,CRM US,Salesforce Inc.,US79466L3024,Technologie / Logiciels CRM,Etats-Unis,260,USD,0.28,0.006,0.0,EXCELLENT_FOR_AUTOCALL,Grande capitalisation americaine (S&P 500 / Nasdaq 100). Prix indicatif ~sept. 2026.,Numero un mondial du CRM. Bascule vers la discipline de marge et les agents IA (Agentforce).,action;etats-unis;s&p 500;technologie
EQUITY,BAC US,Bank of America Corp.,US0605051046,Finance / Banque,Etats-Unis,50,USD,0.24,0.024,0.0,MEDIUM,Grande capitalisation americaine (S&P 500 / Nasdaq 100). Prix indicatif ~sept. 2026.,"Deuxieme banque de detail americaine. Tres sensible a la pente des taux, rendement du capital regulier.",action;etats-unis;s&p 500;finance
EQUITY,BRK/B US,Berkshire Hathaway Inc. (classe B),US0846707026,Finance / Conglomerat,Etats-Unis,500,USD,0.16,0.0,0.0,LOW,Grande capitalisation americaine (S&P 500 / Nasdaq 100). Prix indicatif ~sept. 2026.,"Holding de Warren Buffett (assurance, energie, rail BNSF, participations Apple/AmEx). Tres defensif, tresorerie record, pas de dividende.",action;etats-unis;s&p 500;finance
EQUITY,COST US,Costco Wholesale Corp.,US22160K1051,Consommation de base / Distribution,Etats-Unis,950,USD,0.2,0.005,0.0,MEDIUM,Grande capitalisation americaine (S&P 500 / Nasdaq 100). Prix indicatif ~sept. 2026.,"Distributeur a adhesion. Fidelite exceptionnelle, revenus d'abonnement, valorisation elevee, defensif de croissance.",action;etats-unis;s&p 500;consommation de base
EQUITY,BA US,Boeing Co.,US0970231058,Industrie / Aerospatiale & Defense,Etats-Unis,210,USD,0.36,0.0,0.0,EXCELLENT_FOR_AUTOCALL,Grande capitalisation americaine (S&P 500 / Nasdaq 100). Prix indicatif ~sept. 2026.,"Avionneur americain (duopole avec Airbus). Sortie de crise qualite/production, pas de dividende, volatilite elevee.",action;etats-unis;s&p 500;industrie
EQUITY,CAT US,Caterpillar Inc.,US1491231015,Industrie / Machines,Etats-Unis,420,USD,0.26,0.014,0.0,MEDIUM,Grande capitalisation americaine (S&P 500 / Nasdaq 100). Prix indicatif ~sept. 2026.,"Numero un mondial des engins de chantier et miniers. Cyclique infrastructure/minier, dividende regulier.",action;etats-unis;s&p 500;industrie
EQUITY,GE US,GE Aerospace,US3696043013,Industrie / Aerospatiale,Etats-Unis,280,USD,0.26,0.006,0.0,MEDIUM,Grande capitalisation americaine (S&P 500 / Nasdaq 100). Prix indicatif ~sept. 2026.,"Motoriste aeronautique (apres la scission de GE). Forte visibilite services moteurs, cycle aeronautique porteur.",action;etats-unis;s&p 500;industrie
EQUITY,7203 JP,Toyota Motor Corp.,JP3633400001,Consommation discretionnaire / Automobile,Japon,3200,JPY,0.24,0.028,0.0,MEDIUM,Constituant majeur du Nikkei 225 / TOPIX. Prix indicatif ~sept. 2026 (cotation Tokyo).,"Premier constructeur automobile mondial. Strategie hybride payante, bilan solide, exposition USD.",action;japon;nikkei 225;consommation discretionnaire
EQUITY,6758 JP,Sony Group Corp.,JP3435000009,Technologie / Electronique & Divertissement,Japon,4100,JPY,0.26,0.006,0.0,MEDIUM,Constituant majeur du Nikkei 225 / TOPIX. Prix indicatif ~sept. 2026 (cotation Tokyo).,"Jeux video (PlayStation), capteurs d'image, musique et cinema, services financiers. Diversifie, contenus premium.",action;japon;nikkei 225;technologie
EQUITY,9984 JP,SoftBank Group Corp.,JP3436100006,Technologie / Holding d'investissement,Japon,13500,JPY,0.38,0.004,0.0,EXCELLENT_FOR_AUTOCALL,Constituant majeur du Nikkei 225 / TOPIX. Prix indicatif ~sept. 2026 (cotation Tokyo).,"Holding technologique (participation Arm, Vision Fund, pari IA). Decote de holding, tres volatil, effet de levier.",action;japon;nikkei 225;technologie
EQUITY,6861 JP,Keyence Corp.,JP3236200006,Industrie / Automatisation & Capteurs,Japon,62000,JPY,0.24,0.005,0.0,MEDIUM,Constituant majeur du Nikkei 225 / TOPIX. Prix indicatif ~sept. 2026 (cotation Tokyo).,"Capteurs et systemes de vision industrielle. Marges d'exploitation > 50%, modele sans usine, croissance reguliere.",action;japon;nikkei 225;industrie
EQUITY,8035 JP,Tokyo Electron Ltd.,JP3571400005,Technologie / Equipements semi-conducteurs,Japon,30000,JPY,0.34,0.015,0.0,EXCELLENT_FOR_AUTOCALL,Constituant majeur du Nikkei 225 / TOPIX. Prix indicatif ~sept. 2026 (cotation Tokyo).,"Numero deux mondial des equipements de fabrication de puces. Cyclique, beneficiaire de l'investissement IA.",action;japon;nikkei 225;technologie
EQUITY,6501 JP,Hitachi Ltd.,JP3788600009,Industrie / Conglomerat & Digital,Japon,4500,JPY,0.26,0.012,0.0,MEDIUM,Constituant majeur du Nikkei 225 / TOPIX. Prix indicatif ~sept. 2026 (cotation Tokyo).,"Conglomerat en pleine transformation (Lumada digital, reseaux electriques via Hitachi Energy). Fort momentum benefices.",action;japon;nikkei 225;industrie
EQUITY,9983 JP,Fast Retailing Co. Ltd.,JP3802300008,Consommation discretionnaire / Distribution habillement,Japon,50000,JPY,0.26,0.014,0.0,MEDIUM,Constituant majeur du Nikkei 225 / TOPIX. Prix indicatif ~sept. 2026 (cotation Tokyo).,"Maison mere d'Uniqlo. Expansion en Asie et en Occident, pricing power, poids important dans le Nikkei price-weighted.",action;japon;nikkei 225;consommation discretionnaire
EQUITY,8306 JP,Mitsubishi UFJ Financial Group,JP3902900004,Finance / Banque,Japon,2200,JPY,0.24,0.033,0.0,MEDIUM,Constituant majeur du Nikkei 225 / TOPIX. Prix indicatif ~sept. 2026 (cotation Tokyo).,"Premiere banque japonaise. Beneficiaire de la fin des taux negatifs au Japon, rendement du capital en hausse.",action;japon;nikkei 225;finance
EQUITY,6098 JP,Recruit Holdings Co. Ltd.,JP3970300004,Technologie / RH & Plateformes,Japon,9500,JPY,0.3,0.01,0.0,EXCELLENT_FOR_AUTOCALL,Constituant majeur du Nikkei 225 / TOPIX. Prix indicatif ~sept. 2026 (cotation Tokyo).,Proprietaire d'Indeed et Glassdoor (recrutement en ligne mondial). Sensible au marche de l'emploi americain.,action;japon;nikkei 225;technologie
EQUITY,7974 JP,Nintendo Co. Ltd.,JP3756600007,Communication / Jeux video,Japon,12000,JPY,0.26,0.03,0.0,MEDIUM,Constituant majeur du Nikkei 225 / TOPIX. Prix indicatif ~sept. 2026 (cotation Tokyo).,"Editeur et fabricant de consoles (Switch 2). Franchises proprietaires fortes, tresorerie nette massive, cycle produit.",action;japon;nikkei 225;communication
EQUITY,4063 JP,Shin-Etsu Chemical Co. Ltd.,JP3371200001,Materiaux / Chimie & Silicium,Japon,5500,JPY,0.24,0.02,0.0,MEDIUM,Constituant majeur du Nikkei 225 / TOPIX. Prix indicatif ~sept. 2026 (cotation Tokyo).,"Leader mondial du PVC et des plaquettes de silicium pour semi-conducteurs. Marges elevees, bilan solide.",action;japon;nikkei 225;materiaux
EQUITY,6857 JP,Advantest Corp.,JP3122400009,Technologie / Test de semi-conducteurs,Japon,11000,JPY,0.42,0.008,0.0,HIGH,Constituant majeur du Nikkei 225 / TOPIX. Prix indicatif ~sept. 2026 (cotation Tokyo).,"Numero un mondial des testeurs de puces memoire et logiques. Tres cyclique, beta IA eleve, volatilite implicite tres elevee.",action;japon;nikkei 225;technologie
EQUITY,4568 JP,Daiichi Sankyo Co. Ltd.,JP3475350009,Sante / Pharmacie,Japon,6500,JPY,0.28,0.012,0.0,EXCELLENT_FOR_AUTOCALL,Constituant majeur du Nikkei 225 / TOPIX. Prix indicatif ~sept. 2026 (cotation Tokyo).,"Laboratoire japonais, leader des anticorps conjugues en oncologie (Enhertu, partenariat AstraZeneca).",action;japon;nikkei 225;sante
EQUITY,9433 JP,KDDI Corp.,JP3496400007,Telecoms,Japon,5200,JPY,0.16,0.032,0.0,LOW,Constituant majeur du Nikkei 225 / TOPIX. Prix indicatif ~sept. 2026 (cotation Tokyo).,"Deuxieme operateur telecom japonais. Tres defensif, dividende croissant, diversification finance/energie.",action;japon;nikkei 225;telecoms
EQUITY,7267 JP,Honda Motor Co. Ltd.,JP3854600008,Consommation discretionnaire / Automobile & Moto,Japon,1700,JPY,0.26,0.045,0.0,MEDIUM,Constituant majeur du Nikkei 225 / TOPIX. Prix indicatif ~sept. 2026 (cotation Tokyo).,"Constructeur automobile et numero un mondial de la moto. Rendement du dividende eleve, exposition USD, discipline capital.",action;japon;nikkei 225;consommation discretionnaire
EQUITY,700 HK,Tencent Holdings Ltd.,KYG875721634,Technologie / Internet & Jeux,Hong Kong / Chine,620,HKD,0.28,0.008,0.0,EXCELLENT_FOR_AUTOCALL,Constituant majeur du Hang Seng Index. Prix indicatif ~sept. 2026 (cotation Hong Kong).,"Geant internet chinois (WeChat, jeux video, cloud, fintech). Plus gros poids du Hang Seng, rachats d'actions massifs.",action;hong kong;chine;hang seng;technologie
EQUITY,9988 HK,Alibaba Group Holding Ltd.,KYG017191142,Consommation discretionnaire / E-commerce & Cloud,Hong Kong / Chine,130,HKD,0.34,0.01,0.0,EXCELLENT_FOR_AUTOCALL,Constituant majeur du Hang Seng Index. Prix indicatif ~sept. 2026 (cotation Hong Kong).,"E-commerce chinois (Taobao, Tmall), cloud leader en Chine, IA (Qwen). Redressement de la croissance, decote de valorisation.",action;hong kong;chine;hang seng;consommation discretionnaire
EQUITY,1299 HK,AIA Group Ltd.,HK0000069689,Finance / Assurance-vie,Hong Kong / Chine,70,HKD,0.24,0.025,0.0,MEDIUM,Constituant majeur du Hang Seng Index. Prix indicatif ~sept. 2026 (cotation Hong Kong).,"Premier assureur-vie pan-asiatique. Croissance structurelle de la prevoyance en Asie, bilan solide.",action;hong kong;chine;hang seng;finance
EQUITY,3690 HK,Meituan,KYG596691041,Consommation discretionnaire / Livraison & Services locaux,Hong Kong / Chine,120,HKD,0.38,0.0,0.0,EXCELLENT_FOR_AUTOCALL,Constituant majeur du Hang Seng Index. Prix indicatif ~sept. 2026 (cotation Hong Kong).,"Super-app chinoise de livraison de repas et services locaux. Guerre des prix avec Alibaba/JD, forte volatilite.",action;hong kong;chine;hang seng;consommation discretionnaire
EQUITY,939 HK,China Construction Bank Corp.,CNE1000002H1,Finance / Banque,Hong Kong / Chine,8,HKD,0.2,0.075,0.0,MEDIUM,Constituant majeur du Hang Seng Index. Prix indicatif ~sept. 2026 (cotation Hong Kong).,"Une des quatre grandes banques d'Etat chinoises. Rendement du dividende tres eleve, exposition immobilier chinois.",action;hong kong;chine;hang seng;finance
EQUITY,1398 HK,ICBC,CNE1000003G1,Finance / Banque,Hong Kong / Chine,6,HKD,0.2,0.075,0.0,MEDIUM,Constituant majeur du Hang Seng Index. Prix indicatif ~sept. 2026 (cotation Hong Kong).,"Premiere banque chinoise (et mondiale) par les actifs. Dividende tres eleve, valorisation tres basse.",action;hong kong;chine;hang seng;finance
EQUITY,941 HK,China Mobile Ltd.,HK0941009539,Telecoms,Hong Kong / Chine,90,HKD,0.16,0.065,0.0,LOW,Constituant majeur du Hang Seng Index. Prix indicatif ~sept. 2026 (cotation Hong Kong).,"Premier operateur telecom mondial par les abonnes. Tres defensif, dividende tres eleve, generation de cash massive.",action;hong kong;chine;hang seng;telecoms
EQUITY,2318 HK,Ping An Insurance Group,CNE1000003X6,Finance / Assurance & Banque,Hong Kong / Chine,55,HKD,0.28,0.06,0.0,EXCELLENT_FOR_AUTOCALL,Constituant majeur du Hang Seng Index. Prix indicatif ~sept. 2026 (cotation Hong Kong).,"Groupe financier chinois diversifie (assurance, banque, sante, techfin). Sensible a l'immobilier et aux marches actions chinois.",action;hong kong;chine;hang seng;finance
EQUITY,1810 HK,Xiaomi Corp.,KYG9830T1067,Technologie / Electronique & Automobile,Hong Kong / Chine,50,HKD,0.4,0.0,0.0,HIGH,Constituant majeur du Hang Seng Index. Prix indicatif ~sept. 2026 (cotation Hong Kong).,"Smartphones, objets connectes et desormais vehicules electriques (SU7). Montee en gamme, volatilite implicite tres elevee.",action;hong kong;chine;hang seng;technologie
EQUITY,1211 HK,BYD Co. Ltd.,CNE100000296,Consommation discretionnaire / Vehicules electriques & Batteries,Hong Kong / Chine,100,HKD,0.38,0.015,0.0,EXCELLENT_FOR_AUTOCALL,Constituant majeur du Hang Seng Index. Prix indicatif ~sept. 2026 (cotation Hong Kong).,"Premier constructeur mondial de vehicules electriques et hybrides rechargeables, integre verticalement (batteries).",action;hong kong;chine;hang seng;consommation discretionnaire
EQUITY,9618 HK,JD.com Inc.,KYG8208B1014,Consommation discretionnaire / E-commerce,Hong Kong / Chine,130,HKD,0.36,0.025,0.0,EXCELLENT_FOR_AUTOCALL,Constituant majeur du Hang Seng Index. Prix indicatif ~sept. 2026 (cotation Hong Kong).,"E-commerce chinois specialise dans l'electronique et la logistique proprietaire. Guerre des prix de la livraison, decote.",action;hong kong;chine;hang seng;consommation discretionnaire
EQUITY,388 HK,Hong Kong Exchanges and Clearing Ltd.,HK0388045442,Finance / Infrastructure de marche,Hong Kong / Chine,420,HKD,0.26,0.035,0.0,MEDIUM,Constituant majeur du Hang Seng Index. Prix indicatif ~sept. 2026 (cotation Hong Kong).,Operateur de la Bourse de Hong Kong. Beneficiaire des introductions en bourse chinoises et des flux Southbound.,action;hong kong;chine;hang seng;finance
RATE_INDEX,ESTRON Index,Euro Short-Term Rate (ESTR),,Taux d'interet,Zone euro,1.93,EUR,0.0,0.0,0.0,LOW,Taux de reference EUR. Niveau indicatif en pourcentage (~sept. 2026).,Taux au jour le jour de reference de la zone euro (moyenne des transactions non garanties des banques). Proche du taux de depot BCE. Base des OIS EUR et des swaps ESTR.,taux;overnight;zone euro;bce;ois
RATE_INDEX,EUR001W Index,Euribor 1 semaine,,Taux d'interet,Zone euro,2.18,EUR,0.0,0.0,0.0,LOW,Taux de reference EUR. Niveau indicatif en pourcentage (~sept. 2026).,Taux interbancaire de la zone euro a 1 semaine (~sept. 2026).,taux;euribor;court terme;zone euro
RATE_INDEX,EUR001M Index,Euribor 1 mois,,Taux d'interet,Zone euro,2.37,EUR,0.0,0.0,0.0,LOW,Taux de reference EUR. Niveau indicatif en pourcentage (~sept. 2026).,Taux Euribor 1 mois (~sept. 2026). Indice de reference de nombreux financements a taux variable.,taux;euribor;zone euro
RATE_INDEX,EUR003M Index,Euribor 3 mois,,Taux d'interet,Zone euro,2.63,EUR,0.0,0.0,0.0,LOW,Taux de reference EUR. Niveau indicatif en pourcentage (~sept. 2026).,"Taux Euribor 3 mois (~sept. 2026). Indice de reference dominant des Range Accrual EUR, des jambes flottantes de swaps et des credits immobiliers a taux revisable en Europe continentale.",taux;euribor;3 mois;range accrual;swap;zone euro
RATE_INDEX,EUR006M Index,Euribor 6 mois,,Taux d'interet,Zone euro,2.8,EUR,0.0,0.0,0.0,LOW,Taux de reference EUR. Niveau indicatif en pourcentage (~sept. 2026).,Taux Euribor 6 mois (~sept. 2026). Frequent pour les jambes flottantes semestrielles et les credits immobiliers.,taux;euribor;6 mois;zone euro
RATE_INDEX,EUR012M Index,Euribor 12 mois,,Taux d'interet,Zone euro,3.14,EUR,0.0,0.0,0.0,LOW,Taux de reference EUR. Niveau indicatif en pourcentage (~sept. 2026).,Taux Euribor 12 mois (~sept. 2026). Courbe monetaire EUR pentifiee (anticipation de hausse ou de fin de baisse des taux).,taux;euribor;1 an;zone euro
RATE_INDEX,EUSA2 Index,CMS EUR 2 ans (taux swap ESTR 2Y),,Taux d'interet,Zone euro,2.55,EUR,0.0,0.0,0.0,LOW,Taux de reference EUR. Niveau indicatif en pourcentage (~sept. 2026).,"Taux du swap de taux EUR a maturite constante 2 ans. Point court de la courbe des swaps, tres sensible a la politique de la BCE.",taux;cms;swap;2 ans;zone euro;courbe
RATE_INDEX,EUSA5 Index,CMS EUR 5 ans,,Taux d'interet,Zone euro,2.85,EUR,0.0,0.0,0.0,LOW,Taux de reference EUR. Niveau indicatif en pourcentage (~sept. 2026).,Taux du swap EUR a maturite constante 5 ans. Point median de la courbe.,taux;cms;swap;5 ans;zone euro;courbe
RATE_INDEX,EUSA10 Index,CMS EUR 10 ans,,Taux d'interet,Zone euro,3.15,EUR,0.0,0.0,0.0,LOW,Taux de reference EUR. Niveau indicatif en pourcentage (~sept. 2026).,"Taux du swap EUR a maturite constante 10 ans. Reference des produits de pente de courbe (steepeners), des CMS Spread et des autocalls de taux EUR.",taux;cms;swap;10 ans;zone euro;steepener;cms spread;courbe
RATE_INDEX,EUSA30 Index,CMS EUR 30 ans,,Taux d'interet,Zone euro,3.35,EUR,0.0,0.0,0.0,LOW,Taux de reference EUR. Niveau indicatif en pourcentage (~sept. 2026).,"Taux du swap EUR a maturite constante 30 ans. Point long de la courbe, sensible aux flux d'assureurs et de fonds de pension.",taux;cms;swap;30 ans;zone euro;long terme;courbe
RATE_INDEX,EUSA10-EUSA2,Spread de courbe EUR (CMS 10 ans - 2 ans),,Taux d'interet,Zone euro,0.6,EUR,0.0,0.0,0.0,LOW,Taux de reference EUR. Niveau indicatif en pourcentage (~sept. 2026).,"Ecart entre le taux swap EUR 10 ans et 2 ans (~+60 bps, courbe pentifiee). Sous-jacent des steepeners / flatteners et des CMS Spread EUR.",taux;spread de courbe;steepener;flattener;cms spread;zone euro
RATE_INDEX,GDBR10 Index,Bund 10 ans (rendement de l'obligation d'Etat allemande),,Taux d'interet,Zone euro,2.95,EUR,0.0,0.0,0.0,LOW,Taux de reference EUR. Niveau indicatif en pourcentage (~sept. 2026).,"Rendement de l'emprunt d'Etat allemand a 10 ans, actif sans risque de reference de la zone euro.",taux;obligation d'etat;bund;allemagne;10 ans;sans risque
RATE_INDEX,OATA10 Index,OAT 10 ans (rendement de l'obligation d'Etat francaise),,Taux d'interet,Zone euro,3.45,EUR,0.0,0.0,0.0,LOW,Taux de reference EUR. Niveau indicatif en pourcentage (~sept. 2026).,Rendement de l'emprunt d'Etat francais a 10 ans. Spread OAT-Bund elargi (~50 bps) sur incertitude budgetaire francaise.,taux;obligation d'etat;oat;france;10 ans;spread souverain
RATE_INDEX,SOFRRATE Index,SOFR (Secured Overnight Financing Rate),,Taux d'interet,Etats-Unis,3.55,USD,0.0,0.0,0.0,LOW,Taux de reference USD. Niveau indicatif en pourcentage (~sept. 2026).,"Taux au jour le jour garanti de reference du dollar (repo Treasuries), successeur du LIBOR USD. Base des OIS USD et des swaps SOFR.",taux;overnight;dollar;sofr;repo;ois
RATE_INDEX,FEDL01 Index,Taux effectif des Fed Funds,,Taux d'interet,Etats-Unis,3.63,USD,0.0,0.0,0.0,LOW,Taux de reference USD. Niveau indicatif en pourcentage (~sept. 2026).,Taux effectif des fonds federaux americains (~sept. 2026). Fourchette cible de la Fed apres son cycle de baisses.,taux;fed;politique monetaire;dollar;court terme
RATE_INDEX,USSW2 Index,CMS USD 2 ans (taux swap SOFR 2Y),,Taux d'interet,Etats-Unis,4.35,USD,0.0,0.0,0.0,LOW,Taux de reference USD. Niveau indicatif en pourcentage (~sept. 2026).,Taux du swap USD a maturite constante 2 ans.,taux;cms;swap;2 ans;dollar;courbe
RATE_INDEX,USSW5 Index,CMS USD 5 ans,,Taux d'interet,Etats-Unis,4.5,USD,0.0,0.0,0.0,LOW,Taux de reference USD. Niveau indicatif en pourcentage (~sept. 2026).,Taux du swap USD a maturite constante 5 ans.,taux;cms;swap;5 ans;dollar;courbe
RATE_INDEX,USSW10 Index,CMS USD 10 ans,,Taux d'interet,Etats-Unis,4.7,USD,0.0,0.0,0.0,LOW,Taux de reference USD. Niveau indicatif en pourcentage (~sept. 2026).,Taux du swap USD a maturite constante 10 ans. Reference des CMS Spread USD et des autocalls de taux dollar.,taux;cms;swap;10 ans;dollar;cms spread;courbe
RATE_INDEX,USSW30 Index,CMS USD 30 ans,,Taux d'interet,Etats-Unis,5.05,USD,0.0,0.0,0.0,LOW,Taux de reference USD. Niveau indicatif en pourcentage (~sept. 2026).,Taux du swap USD a maturite constante 30 ans.,taux;cms;swap;30 ans;dollar;long terme
RATE_INDEX,USGG10YR Index,Treasury 10 ans (rendement de l'obligation d'Etat americaine),,Taux d'interet,Etats-Unis,4.8,USD,0.0,0.0,0.0,LOW,Taux de reference USD. Niveau indicatif en pourcentage (~sept. 2026).,"Rendement du bon du Tresor americain a 10 ans, actif sans risque de reference mondial. Courbe US repentifiee (2s10s positive).",taux;obligation d'etat;treasury;etats-unis;10 ans;sans risque
RATE_INDEX,SONIO Index,SONIA (Sterling Overnight Index Average),,Taux d'interet,Royaume-Uni,3.75,GBP,0.0,0.0,0.0,LOW,Taux de reference GBP. Niveau indicatif en pourcentage (~sept. 2026).,Taux au jour le jour de reference de la livre sterling. Base des OIS et swaps GBP.,taux;overnight;livre sterling;sonia;ois
RATE_INDEX,BPSW10 Index,CMS GBP 10 ans,,Taux d'interet,Royaume-Uni,4.35,GBP,0.0,0.0,0.0,LOW,Taux de reference GBP. Niveau indicatif en pourcentage (~sept. 2026).,Taux du swap GBP a maturite constante 10 ans.,taux;cms;swap;10 ans;livre sterling
RATE_INDEX,JYSW10 Index,CMS JPY 10 ans,,Taux d'interet,Japon,1.75,JPY,0.0,0.0,0.0,LOW,Taux de reference JPY. Niveau indicatif en pourcentage (~sept. 2026).,Taux du swap JPY a maturite constante 10 ans. Normalisation de la politique de la Banque du Japon apres des annees de taux nuls/negatifs.,taux;cms;swap;10 ans;yen;boj;normalisation
FX,EURUSD,EUR/USD,,Change EUR/USD,International,1.162,EUR,0.075,0.0,0.0,LOW,Couple de change EUR/USD. Spot indicatif ~sept. 2026 ; ImpliedVol3m = volatilite implicite 3 mois indicative.,"Couple de change le plus echange au monde. Spot ~1.16 (~sept. 2026). Sous-jacent de reference des TARF, dual currency et FX linked notes euro-dollar.",change;fx;majeur;euro;dollar;tarf
FX,EURGBP,EUR/GBP,,Change EUR/GBP,International,0.859,EUR,0.07,0.0,0.0,LOW,Couple de change EUR/GBP. Spot indicatif ~sept. 2026 ; ImpliedVol3m = volatilite implicite 3 mois indicative.,"Euro contre livre sterling. Spot ~0.86. Volatilite contenue, tres liquide.",change;fx;majeur;euro;livre sterling
FX,EURJPY,EUR/JPY,,Change EUR/JPY,International,178.5,EUR,0.09,0.0,0.0,LOW,Couple de change EUR/JPY. Spot indicatif ~sept. 2026 ; ImpliedVol3m = volatilite implicite 3 mois indicative.,"Euro contre yen. Spot ~178. Couple de portage (carry) classique, sensible a la Banque du Japon et a l'aversion au risque.",change;fx;majeur;euro;yen;carry
FX,EURCHF,EUR/CHF,,Change EUR/CHF,International,0.924,EUR,0.055,0.0,0.0,LOW,Couple de change EUR/CHF. Spot indicatif ~sept. 2026 ; ImpliedVol3m = volatilite implicite 3 mois indicative.,"Euro contre franc suisse. Spot ~0.92. Franc refuge, interventions possibles de la BNS, faible volatilite.",change;fx;majeur;euro;franc suisse;refuge
FX,GBPUSD,GBP/USD,,Change GBP/USD,International,1.354,GBP,0.085,0.0,0.0,LOW,Couple de change GBP/USD. Spot indicatif ~sept. 2026 ; ImpliedVol3m = volatilite implicite 3 mois indicative.,Livre sterling contre dollar (cable). Spot ~1.35. Sensible a la Banque d'Angleterre et au risque budgetaire britannique.,change;fx;majeur;livre sterling;dollar
FX,USDJPY,USD/JPY,,Change USD/JPY,International,153.5,USD,0.095,0.0,0.0,LOW,Couple de change USD/JPY. Spot indicatif ~sept. 2026 ; ImpliedVol3m = volatilite implicite 3 mois indicative.,"Dollar contre yen. Spot ~153.5. Couple de portage majeur, tres sensible a l'ecart de taux US-Japon.",change;fx;majeur;dollar;yen;carry;taux
FX,USDCHF,USD/CHF,,Change USD/CHF,International,0.795,USD,0.075,0.0,0.0,LOW,Couple de change USD/CHF. Spot indicatif ~sept. 2026 ; ImpliedVol3m = volatilite implicite 3 mois indicative.,"Dollar contre franc suisse. Spot ~0.795. Franc fort, dollar sous pression en 2026.",change;fx;majeur;dollar;franc suisse
FX,AUDUSD,AUD/USD,,Change AUD/USD,International,0.665,AUD,0.1,0.0,0.0,LOW,Couple de change AUD/USD. Spot indicatif ~sept. 2026 ; ImpliedVol3m = volatilite implicite 3 mois indicative.,"Dollar australien contre dollar US. Proxy des matieres premieres et de la demande chinoise, volatilite elevee.",change;fx;matieres premieres;chine;dollar australien
FX,NZDUSD,NZD/USD,,Change NZD/USD,International,0.605,NZD,0.105,0.0,0.0,LOW,Couple de change NZD/USD. Spot indicatif ~sept. 2026 ; ImpliedVol3m = volatilite implicite 3 mois indicative.,"Dollar neo-zelandais contre dollar US. Proxy agricole et taux, tres volatil.",change;fx;dollar neo-zelandais;matieres premieres
FX,USDCAD,USD/CAD,,Change USD/CAD,International,1.365,USD,0.07,0.0,0.0,LOW,Couple de change USD/CAD. Spot indicatif ~sept. 2026 ; ImpliedVol3m = volatilite implicite 3 mois indicative.,Dollar US contre dollar canadien. Sensible au petrole (WTI) et aux droits de douane US.,change;fx;dollar canadien;petrole
FX,EURSEK,EUR/SEK,,Change EUR/SEK,International,10.85,EUR,0.08,0.0,0.0,LOW,Couple de change EUR/SEK. Spot indicatif ~sept. 2026 ; ImpliedVol3m = volatilite implicite 3 mois indicative.,Euro contre couronne suedoise. Sensible au cycle industriel europeen et a la Riksbank.,change;fx;couronne suedoise;nordics
FX,EURNOK,EUR/NOK,,Change EUR/NOK,International,11.4,EUR,0.09,0.0,0.0,LOW,Couple de change EUR/NOK. Spot indicatif ~sept. 2026 ; ImpliedVol3m = volatilite implicite 3 mois indicative.,Euro contre couronne norvegienne. Proxy petrole (Brent) et fonds souverain norvegien.,change;fx;couronne norvegienne;petrole
FX,USDCNH,USD/CNH,,Change USD/CNH,International,7.1,USD,0.055,0.0,0.0,LOW,Couple de change USD/CNH. Spot indicatif ~sept. 2026 ; ImpliedVol3m = volatilite implicite 3 mois indicative.,"Dollar contre yuan chinois offshore. Gere par la PBoC (fixing quotidien), volatilite volontairement contenue. Sous-jacent frequent de TARF pour les entreprises importatrices/exportatrices.",change;fx;yuan;chine;tarf;gere
FX,USDBRL,USD/BRL,,Change USD/BRL,International,5.3,USD,0.15,0.0,0.0,LOW,Couple de change USD/BRL. Spot indicatif ~sept. 2026 ; ImpliedVol3m = volatilite implicite 3 mois indicative.,"Dollar contre real bresilien. Devise emergente a haut rendement, tres volatile, sensible aux matieres premieres et a la politique interieure.",change;fx;emergent;real bresilien;haut rendement;volatil
FX,USDMXN,USD/MXN,,Change USD/MXN,International,18.5,USD,0.135,0.0,0.0,LOW,Couple de change USD/MXN. Spot indicatif ~sept. 2026 ; ImpliedVol3m = volatilite implicite 3 mois indicative.,"Dollar contre peso mexicain. Nearshoring vs risque de droits de douane US, carry attractif, volatilite elevee.",change;fx;emergent;peso mexicain;nearshoring;carry
FX,USDTRY,USD/TRY,,Change USD/TRY,International,42.0,USD,0.22,0.0,0.0,MEDIUM,Couple de change USD/TRY. Spot indicatif ~sept. 2026 ; ImpliedVol3m = volatilite implicite 3 mois indicative.,"Dollar contre livre turque. Depreciation structurelle, taux tres eleves, volatilite extreme.",change;fx;emergent;livre turque;depreciation;volatil
FX,USDINR,USD/INR,,Change USD/INR,International,88.5,USD,0.05,0.0,0.0,LOW,Couple de change USD/INR. Spot indicatif ~sept. 2026 ; ImpliedVol3m = volatilite implicite 3 mois indicative.,"Dollar contre roupie indienne. Depreciation graduelle geree par la RBI, faible volatilite implicite.",change;fx;emergent;roupie indienne;gere
FX,USDKRW,USD/KRW,,Change USD/KRW,International,1360,USD,0.09,0.0,0.0,LOW,Couple de change USD/KRW. Spot indicatif ~sept. 2026 ; ImpliedVol3m = volatilite implicite 3 mois indicative.,Dollar contre won coreen. Proxy du cycle des semi-conducteurs et du commerce asiatique.,change;fx;emergent;won coreen;semi-conducteurs
FX,USDSGD,USD/SGD,,Change USD/SGD,International,1.285,USD,0.05,0.0,0.0,LOW,Couple de change USD/SGD. Spot indicatif ~sept. 2026 ; ImpliedVol3m = volatilite implicite 3 mois indicative.,"Dollar contre dollar de Singapour. Gere en panier par la MAS, tres faible volatilite.",change;fx;dollar de singapour;gere;asie
FX,EURPLN,EUR/PLN,,Change EUR/PLN,International,4.25,EUR,0.075,0.0,0.0,LOW,Couple de change EUR/PLN. Spot indicatif ~sept. 2026 ; ImpliedVol3m = volatilite implicite 3 mois indicative.,"Euro contre zloty polonais. Convergence europeenne, sensible a la NBP et aux flux de l'UE.",change;fx;emergent europe;zloty;pologne
CREDIT,ITRX EUR CDSI GEN 5Y Corp,iTraxx Europe Main (5 ans),,Indice de credit (CDS),Europe,58,EUR,0.0,0.0,0.0,LOW,Indice de CDS. SpotPrice = spread indicatif en points de base (~sept. 2026).,Indice des CDS a 5 ans sur 125 emetteurs europeens investment grade. Reference du risque de credit corporate europeen ; spread ~58 bps (marche resserre).,credit;cds;itraxx;investment grade;europe;5 ans
CREDIT,ITRX XOVER CDSI GEN 5Y Corp,iTraxx Europe Crossover (5 ans),,Indice de credit (CDS),Europe,290,EUR,0.0,0.0,0.0,LOW,Indice de CDS. SpotPrice = spread indicatif en points de base (~sept. 2026).,"Indice des CDS a 5 ans sur ~75 emetteurs europeens haut rendement (sub-investment grade). Beta credit eleve, sous-jacent des tranches et CLN haut rendement.",credit;cds;itraxx;crossover;haut rendement;high yield;europe
CREDIT,ITRX EUR SNRFIN CDSI GEN 5Y Corp,iTraxx Europe Senior Financials (5 ans),,Indice de credit (CDS),Europe,70,EUR,0.0,0.0,0.0,LOW,Indice de CDS. SpotPrice = spread indicatif en points de base (~sept. 2026).,Indice des CDS a 5 ans sur la dette senior de 30 institutions financieres europeennes. Proxy du risque bancaire systemique.,credit;cds;itraxx;financieres;senior;banques
CREDIT,ITRX EUR SUBFIN CDSI GEN 5Y Corp,iTraxx Europe Subordinated Financials (5 ans),,Indice de credit (CDS),Europe,130,EUR,0.0,0.0,0.0,LOW,Indice de CDS. SpotPrice = spread indicatif en points de base (~sept. 2026).,Indice des CDS a 5 ans sur la dette subordonnee des financieres europeennes. Plus risque que le senior (bail-in).,credit;cds;itraxx;financieres;subordonne;bail-in
CREDIT,CDX IG CDSI GEN 5Y Corp,CDX North America Investment Grade (5 ans),,Indice de credit (CDS),Etats-Unis,50,USD,0.0,0.0,0.0,LOW,Indice de CDS. SpotPrice = spread indicatif en points de base (~sept. 2026).,Indice des CDS a 5 ans sur 125 emetteurs nord-americains investment grade. Equivalent US de l'iTraxx Main.,credit;cds;cdx;investment grade;etats-unis;5 ans
CREDIT,CDX HY CDSI GEN 5Y Corp,CDX North America High Yield (5 ans),,Indice de credit (CDS),Etats-Unis,320,USD,0.0,0.0,0.0,LOW,Indice de CDS. SpotPrice = spread indicatif en points de base (~sept. 2026).,Indice des CDS a 5 ans sur 100 emetteurs nord-americains haut rendement. Reference du risque high yield US.,credit;cds;cdx;haut rendement;high yield;etats-unis
